n_packs ,n_bins ,n_bins_used ,cost  ,time_limit ,running_time         ,
      5 ,     5 ,          1 , 67.0 ,       300 ,0.016313727          ,
      6 ,     6 ,          2 ,113.0 ,       300 ,0.015096198000000002 ,
      7 ,     7 ,          1 , 51.0 ,       300 ,0.015643104          ,
      8 ,     8 ,          2 ,118.0 ,       300 ,0.024375753          ,
      9 ,     9 ,          1 , 67.0 ,       300 ,0.024944762000000002 ,
