n_packs, n_bins, n_bins_used, cost, time_limit, running_time,
5,5,1,67.0,300,0.009734323000000001,
6,6,2,113.0,300,0.017867154,
7,7,1,51.0,300,0.015699187,
8,8,2,118.0,300,0.046954437,
9,9,1,67.0,300,0.025357649000000003,
10,10,2,107.0,300,0.050736968,
11,11,1,61.0,300,0.042308406,
12,12,1,52.0,300,0.043882211000000004,
