n_packs, n_bins, n_bins_used, cost, time_limit, running_time,
5,5,1,67.0,300,0.013163828,
6,6,2,113.0,300,0.011674286,
7,7,1,51.0,300,0.014686185000000001,
8,8,2,118.0,300,0.03876321,
9,9,1,67.0,300,0.034086486,
10,10,2,107.0,300,0.075834897,
11,11,1,61.0,300,0.050899998,
12,12,1,52.0,300,0.049056328,
