n_packs, n_bins, n_bins_used, cost, time_limit, running_time
5,5,1,67.0,300,0.013726787,
6,6,2,113.0,300,0.02303503,
7,7,1,51.0,300,0.019225102,
8,8,2,118.0,300,0.028845043,
9,9,1,67.0,300,0.033900462,
10,10,2,107.0,300,0.043159666,
11,11,1,61.0,300,0.037723793000000005,
12,12,1,52.0,300,0.050582377000000005,
